{"cameraMode":{"drawMode":0,"name":"Shaded","section":"Shading Mode"},"sceneLighting":true,"audioPlay":false,"sceneViewState":{"m_AlwaysRefresh":false,"showFog":true,"showSkybox":true,"showFlares":true,"showImageEffects":true,"showParticleSystems":true,"showVisualEffectGraphs":true,"m_FxEnabled":false},"in2DMode":false,"pivot":{"x":24.500324249267579,"y":-0.10970616340637207,"z":0.10147905349731446},"rotation":{"x":0.02567565254867077,"y":0.7149972915649414,"z":-0.05405503511428833,"w":0.7005163431167603},"size":16.41986083984375,"orthographic":false}