{"cameraMode":{"drawMode":0,"name":"Shaded","section":"Shading Mode"},"sceneLighting":true,"audioPlay":false,"sceneViewState":{"m_AlwaysRefresh":false,"showFog":true,"showSkybox":true,"showFlares":true,"showImageEffects":true,"showParticleSystems":true,"showVisualEffectGraphs":true,"m_FxEnabled":true},"in2DMode":false,"pivot":{"x":-98.62328338623047,"y":-16.135025024414064,"z":189.69061279296876},"rotation":{"x":0.04071803763508797,"y":-0.23993322253227235,"z":0.010227840393781662,"w":0.9699105620384216},"size":110.9063491821289,"orthographic":false}