{"cameraMode":{"drawMode":0,"name":"Shaded","section":"Shading Mode"},"sceneLighting":false,"audioPlay":false,"sceneViewState":{"m_AlwaysRefresh":false,"showFog":true,"showSkybox":true,"showFlares":true,"showImageEffects":true,"showParticleSystems":true,"showVisualEffectGraphs":true,"m_FxEnabled":false},"in2DMode":false,"pivot":{"x":-102.94071197509766,"y":96.8785400390625,"z":303.8829040527344},"rotation":{"x":0.02376270852982998,"y":-0.8633451461791992,"z":0.5034359693527222,"w":0.036564528942108157},"size":0.19029885530471803,"orthographic":false}